loc,objTSizeLarge,"repoName"
/data/github_go/repos/AdGuardHome/internal/querylog/search.go@116:4:116:36,true,AdGuardHome
/data/github_go/repos/EasyDarwin/rtsp/player.go@50:3:50:33,true,EasyDarwin
/data/github_go/repos/EasyDarwin/rtsp/player.go@72:4:72:34,true,EasyDarwin
/data/github_go/repos/EasyDarwin/rtsp/pusher.go@266:4:266:34,true,EasyDarwin
/data/github_go/repos/LeetCode-Go/leetcode/0102.Binary-Tree-Level-Order-Traversal/102. Binary Tree Level Order Traversal.go@38:3:38:19,true,LeetCode-Go
/data/github_go/repos/LeetCode-Go/leetcode/0103.Binary-Tree-Zigzag-Level-Order-Traversal/103. Binary Tree Zigzag Level Order Traversal.go@40:4:40:20,true,LeetCode-Go
/data/github_go/repos/LeetCode-Go/leetcode/0103.Binary-Tree-Zigzag-Level-Order-Traversal/103. Binary Tree Zigzag Level Order Traversal.go@100:4:100:12,true,LeetCode-Go
/data/github_go/repos/LeetCode-Go/leetcode/0107.Binary-Tree-Level-Order-Traversal-II/107. Binary Tree Level Order Traversal II.go@48:4:48:20,true,LeetCode-Go
/data/github_go/repos/LeetCode-Go/leetcode/0199.Binary-Tree-Right-Side-View/199. Binary Tree Right Side View.go@36:3:36:19,true,LeetCode-Go
/data/github_go/repos/LeetCode-Go/leetcode/0222.Count-Complete-Tree-Nodes/222. Count Complete Tree Nodes.go@38:4:38:20,true,LeetCode-Go
/data/github_go/repos/LeetCode-Go/leetcode/0429.N-ary-Tree-Level-Order-Traversal/429. N-ary Tree Level Order Traversal.go@25:3:25:19,true,LeetCode-Go
/data/github_go/repos/LeetCode-Go/leetcode/0515.Find-Largest-Value-in-Each-Tree-Row/515. Find Largest Value in Each Tree Row.go@54:4:54:20,true,LeetCode-Go
/data/github_go/repos/LeetCode-Go/leetcode/0515.Find-Largest-Value-in-Each-Tree-Row/515. Find Largest Value in Each Tree Row.go@78:4:78:12,true,LeetCode-Go
/data/github_go/repos/LeetCode-Go/leetcode/0559.Maximum-Depth-of-N-ary-Tree/559.Maximum Depth of N-ary Tree.go@24:4:24:12,true,LeetCode-Go
/data/github_go/repos/LeetCode-Go/leetcode/0637.Average-of-Levels-in-Binary-Tree/637. Average of Levels in Binary Tree.go@39:4:39:20,true,LeetCode-Go
/data/github_go/repos/LeetCode-Go/leetcode/0662.Maximum-Width-of-Binary-Tree/662. Maximum Width of Binary Tree.go@37:4:37:20,true,LeetCode-Go
/data/github_go/repos/LeetCode-Go/leetcode/0958.Check-Completeness-of-a-Binary-Tree/0958.Check Completeness of a Binary Tree.go@23:3:23:19,true,LeetCode-Go
/data/github_go/repos/LeetCode-Go/leetcode/0993.Cousins-in-Binary-Tree/993. Cousins in Binary Tree.go@72:3:72:19,true,LeetCode-Go
/data/github_go/repos/LeetCode-Go/leetcode/1609.Even-Odd-Tree/1609.Even Odd Tree.go@34:3:34:24,true,LeetCode-Go
/data/github_go/repos/LeetCode-Go/structures/TreeNode.go@35:3:35:19,true,LeetCode-Go
/data/github_go/repos/LeetCode-Go/structures/TreeNode.go@211:3:211:22,true,LeetCode-Go
/data/github_go/repos/LeetCode-Go/structures/TreeNode.go@249:3:249:19,true,LeetCode-Go
/data/github_go/repos/LeetCode-Go/structures/TreeNode.go@287:3:287:22,true,LeetCode-Go
/data/github_go/repos/VictoriaMetrics/app/vmselect/graphite/transform.go@3715:3:3715:13,true,VictoriaMetrics
/data/github_go/repos/VictoriaMetrics/app/vmselect/promql/transform.go@2146:3:2146:20,true,VictoriaMetrics
/data/github_go/repos/VictoriaMetrics/lib/logstorage/storage.go@324:3:324:49,true,VictoriaMetrics
/data/github_go/repos/VictoriaMetrics/lib/logstorage/storage_search.go@157:2:157:16,true,VictoriaMetrics
/data/github_go/repos/VictoriaMetrics/lib/mergeset/table.go@563:3:563:15,true,VictoriaMetrics
/data/github_go/repos/VictoriaMetrics/lib/mergeset/table.go@724:3:724:15,true,VictoriaMetrics
/data/github_go/repos/VictoriaMetrics/lib/regexutil/regexutil.go@104:3:104:23,true,VictoriaMetrics
/data/github_go/repos/VictoriaMetrics/lib/regexutil/regexutil.go@161:4:161:24,true,VictoriaMetrics
/data/github_go/repos/VictoriaMetrics/lib/regexutil/regexutil.go@235:5:235:25,true,VictoriaMetrics
/data/github_go/repos/VictoriaMetrics/lib/storage/partition.go@916:3:916:15,true,VictoriaMetrics
/data/github_go/repos/Xray-core/common/buf/multi_buffer.go@119:3:119:20,true,Xray-core
/data/github_go/repos/Xray-core/common/buf/multi_buffer.go@201:3:201:20,true,Xray-core
/data/github_go/pattern/newHaveRepos/afero/gcsfs/gcs_mocks.go@266:2:266:24,false,afero
/data/github_go/repos/amqp/consumers.go@78:5:78:21,true,amqp
/data/github_go/repos/awesome-golang-algorithm/lcof/of032-I/Solution.go@24:3:24:19,true,awesome-golang-algorithm
/data/github_go/repos/awesome-golang-algorithm/leetcode/1-100/0100.Same-Tree/Solution.go@31:3:31:13,true,awesome-golang-algorithm
/data/github_go/repos/awesome-golang-algorithm/leetcode/1-100/0100.Same-Tree/Solution.go@34:3:34:13,true,awesome-golang-algorithm
/data/github_go/repos/awesome-golang-algorithm/leetcode/101-200/0101.Symmetric-Tree/Solution.go@32:3:32:15,true,awesome-golang-algorithm
/data/github_go/repos/awesome-golang-algorithm/leetcode/101-200/0102.Binary-Tree-Level-Order-Traversal/Solution.go@74:4:74:16,true,awesome-golang-algorithm
/data/github_go/repos/awesome-golang-algorithm/leetcode/101-200/0103.Binary-Tree-Zigzag-Level-Order-Traversal/Solution.go@89:4:89:16,true,awesome-golang-algorithm
/data/github_go/repos/awesome-golang-algorithm/leetcode/101-200/0104.Maximum-Depth-of-Binary-Tree/Solution.go@46:4:46:16,true,awesome-golang-algorithm
/data/github_go/repos/awesome-golang-algorithm/leetcode/101-200/0107.Binary-Tree-Level-Order-Traversal-II/Solution.go@27:4:27:20,true,awesome-golang-algorithm
/data/github_go/repos/awesome-golang-algorithm/leetcode/101-200/0112.Path-Sum/Solution.go@34:4:34:16,true,awesome-golang-algorithm
/data/github_go/repos/awesome-golang-algorithm/leetcode/101-200/0199.Binary-Tree-Right-Side-View/Solution.go@76:4:76:16,true,awesome-golang-algorithm
/data/github_go/repos/awesome-golang-algorithm/leetcode/1101-1200/1161.Maximum-Level-Sum-of-a-Binary-Tree/Solution.go@24:3:24:25,true,awesome-golang-algorithm
/data/github_go/repos/awesome-golang-algorithm/leetcode/901-1000/0958.Check-Completeness-of-a-Binary-Tree/Solution.go@13:3:13:15,true,awesome-golang-algorithm
/data/github_go/repos/aws-nuke/resources/elb-elb.go@62:3:62:39,false,aws-nuke
/data/github_go/repos/aws-nuke/resources/elbv2-alb.go@69:3:69:53,false,aws-nuke
/data/github_go/repos/aws-nuke/resources/elbv2-targetgroup.go@61:3:61:75,false,aws-nuke
/data/github_go/repos/aws-nuke/resources/s3-buckets.go@191:3:191:33,true,aws-nuke
/data/github_go/repos/aws-sdk-go/service/s3/s3manager/batch.go@171:3:171:33,true,aws-sdk-go
/data/github_go/repos/badger/db.go@1129:4:1129:22,true,badger
/data/github_go/repos/beats/libbeat/common/match/optimize.go@92:3:92:23,true,beats
/data/github_go/repos/beats/libbeat/outputs/shipper/shipper.go@245:3:245:46,true,beats
/data/github_go/repos/beats/libbeat/publisher/pipeline/consumer.go@167:5:167:35,true,beats
/data/github_go/repos/beats/libbeat/publisher/queue/diskqueue/core_loop.go@155:3:155:57,true,beats
/data/github_go/repos/beats/libbeat/publisher/queue/diskqueue/core_loop.go@357:4:357:48,true,beats
/data/github_go/repos/beats/libbeat/publisher/queue/diskqueue/queue.go@190:3:190:39,true,beats
/data/github_go/repos/beego/server/web/server.go@393:7:393:83,true,beego
/data/github_go/repos/benthos/internal/autoretry/auto_retry_list.go@189:4:189:38,true,benthos
/data/github_go/repos/benthos/internal/impl/aws/input_kinesis.go@533:9:533:31,true,benthos
/data/github_go/repos/benthos/internal/impl/aws/input_s3.go@397:2:397:26,true,benthos
/data/github_go/repos/benthos/internal/impl/aws/input_s3.go@430:3:430:27,true,benthos
/data/github_go/repos/benthos/internal/impl/aws/input_s3.go@454:2:454:26,true,benthos
/data/github_go/repos/benthos/internal/impl/aws/input_s3.go@635:4:635:84,true,benthos
/data/github_go/repos/benthos/internal/impl/aws/input_sqs.go@309:4:309:32,true,benthos
/data/github_go/repos/benthos/internal/impl/aws/metrics_cloudwatch.go@469:5:469:91,true,benthos
/data/github_go/repos/benthos/internal/impl/aws/output_kinesis.go@215:3:215:93,true,benthos
/data/github_go/repos/benthos/internal/impl/aws/output_kinesis.go@270:5:270:95,true,benthos
/data/github_go/repos/benthos/internal/impl/aws/output_kinesis_firehose.go@176:3:176:93,true,benthos
/data/github_go/repos/benthos/internal/impl/aws/output_kinesis_firehose.go@225:5:225:95,true,benthos
/data/github_go/repos/benthos/internal/impl/aws/output_sqs.go@261:3:261:85,true,benthos
/data/github_go/repos/benthos/internal/impl/aws/output_sqs.go@326:5:326:95,true,benthos
/data/github_go/repos/benthos/internal/impl/azure/input_blob_storage.go@256:2:256:26,true,benthos
/data/github_go/repos/benthos/internal/impl/discord/input.go@149:6:149:20,true,benthos
/data/github_go/repos/benthos/internal/impl/gcp/input_cloud_storage.go@245:2:245:26,true,benthos
/data/github_go/repos/bleve/index_alias_impl.go@530:3:530:30,true,bleve
/data/github_go/repos/bosun/cmd/backfill/main.go@125:4:125:20,true,bosun
/data/github_go/repos/bosun/collect/queue.go@62:3:62:19,true,bosun
/data/github_go/repos/bosun/collect/queue.go@79:4:79:20,true,bosun
/data/github_go/repos/boulder/cmd/expiration-mailer/main.go@281:3:281:22,true,boulder
/data/github_go/pattern/newHaveRepos/btcd/txscript/sighash.go@166:3:166:40,true,btcd
/data/github_go/pattern/newHaveRepos/buildkit/client/status.go@103:5:103:27,true,buildkit
/data/github_go/pattern/newHaveRepos/buildkit/solver/exporter.go@125:4:125:44,true,buildkit
/data/github_go/pattern/newHaveRepos/buildkit/solver/exporter.go@146:5:146:45,true,buildkit
/data/github_go/pattern/newHaveRepos/buildkit/util/network/cniprovider/cni.go@138:3:138:37,true,buildkit
/data/github_go/pattern/newHaveRepos/buildkit/util/network/cniprovider/cni.go@236:3:236:37,true,buildkit
/data/github_go/pattern/newHaveRepos/buildkit/util/progress/progressui/display.go@1102:3:1102:34,true,buildkit
/data/github_go/repos/bytebase/backend/plugin/parser/sql/engine/pg/convert.go@1597:4:1597:26,true,bytebase
/data/github_go/repos/bytebase/backend/plugin/parser/sql/engine/pg/convert.go@1804:3:1804:13,true,bytebase
/data/github_go/repos/bytebase/backend/plugin/parser/sql/engine/pg/convert.go@1814:3:1814:13,true,bytebase
/data/github_go/repos/cadence/common/archiver/filestore/historyArchiver.go@259:2:259:53,true,cadence
/data/github_go/repos/cadence/common/archiver/gcloud/historyArchiver.go@257:3:257:42,true,cadence
/data/github_go/repos/cadence/service/frontend/workflowHandler.go@2490:5:2490:50,true,cadence
/data/github_go/repos/cadence/service/frontend/workflowHandler.go@2493:5:2493:59,true,cadence
/data/github_go/repos/cadence/service/history/execution/mutable_state_builder.go@1977:3:1977:39,true,cadence
/data/github_go/repos/calico/felix/timeshim/mocktime/mocktime.go@182:3:182:25,true,calico
/data/github_go/repos/cayley/graph/kv/all_iterator.go@156:4:156:22,true,cayley
/data/github_go/repos/cayley/graph/kv/all_iterator.go@158:26:158:44,true,cayley
/data/github_go/repos/cayley/graph/kv/quad_iterator.go@201:4:201:40,true,cayley
/data/github_go/repos/cayley/graph/kv/quad_iterator.go@203:26:203:62,true,cayley
/data/github_go/repos/cfssl/bundler/bundler.go@409:43:409:61,true,cfssl
/data/github_go/repos/cfssl/bundler/bundler.go@549:4:549:20,true,cfssl
/data/github_go/repos/cilium/pkg/fqdn/cache.go@963:3:963:27,true,cilium
/data/github_go/repos/cilium/pkg/ip/ip.go@581:3:581:25,true,cilium
/data/github_go/repos/client/go/kbfs/search/indexer.go@1165:3:1165:23,true,client
/data/github_go/repos/client/go/libkb/identify3.go@311:2:311:42,true,client
/data/github_go/repos/client/go/stellar/global.go@537:3:537:51,true,client
/home/lqw/go/src/github.com/keybase/client/go/stellar/global.go@537:3:537:51,false,client
/data/github_go/repos/cloudflared/h2mux/h2_dictionaries.go@199:3:199:23,true,cloudflared
/data/github_go/repos/cockroach/pkg/ccl/backupccl/restore_job.go@2054:3:2054:39,false,cockroach
/data/github_go/repos/cockroach/pkg/ccl/streamingccl/streamingest/stream_ingestion_processor.go@898:3:898:17,true,cockroach
/data/github_go/repos/cockroach/pkg/col/colserde/arrowbatchconverter.go@113:3:113:39,true,cockroach
/data/github_go/repos/cockroach/pkg/jobs/registry.go@393:3:393:33,true,cockroach
/data/github_go/repos/cockroach/pkg/kv/bulk/sst_batcher.go@766:3:766:17,true,cockroach
/data/github_go/repos/cockroach/pkg/kv/kvserver/replica_proposal_quota.go@249:3:249:63,true,cockroach
/data/github_go/repos/cockroach/pkg/sql/opt/optgen/cmd/optgen/factory_gen.go@373:6:373:34,true,cockroach
/data/github_go/repos/cockroach/pkg/sql/rowflow/input_sync.go@326:3:326:50,true,cockroach
/data/github_go/repos/cockroach/pkg/sql/schemachanger/scplan/internal/scstage/stage.go@249:5:249:21,true,cockroach
/data/github_go/repos/cockroach/pkg/util/interval/btree_based_interval.go@205:3:205:48,true,cockroach
/data/github_go/repos/cockroach/pkg/util/log/buffered_sink.go@452:2:452:28,true,cockroach
/data/github_go/pattern/newHaveRepos/codeforces-go/copypasta/acam.go@183:3:183:11,true,codeforces-go
/data/github_go/pattern/newHaveRepos/codeforces-go/copypasta/acam.go@298:3:298:11,true,codeforces-go
/data/github_go/pattern/newHaveRepos/codeforces-go/leetcode/testutil/predefined_type.go@42:2:42:31,true,codeforces-go
/data/github_go/pattern/newHaveRepos/codeforces-go/leetcode/testutil/predefined_type.go@46:5:46:39,true,codeforces-go
/data/github_go/pattern/newHaveRepos/codeforces-go/leetcode/testutil/predefined_type.go@49:5:49:40,true,codeforces-go
/data/github_go/pattern/newHaveRepos/codeforces-go/leetcode/testutil/predefined_type.go@60:3:60:32,true,codeforces-go
/data/github_go/pattern/newHaveRepos/codeforces-go/leetcode/weekly/115/b/b.go@11:3:11:11,true,codeforces-go
/data/github_go/pattern/newHaveRepos/codeforces-go/leetcode/weekly/133/d/d.go@40:3:40:11,true,codeforces-go
/data/github_go/pattern/newHaveRepos/codeforces-go/leetcode/weekly/270/c/c.go@91:3:91:11,true,codeforces-go
/data/github_go/pattern/newHaveRepos/codeforces-go/leetcode/weekly/405/d/d.go@52:3:52:11,true,codeforces-go
/data/github_go/pattern/newHaveRepos/codeforces-go/main/1100-1199/1106E.go@55:5:55:23,true,codeforces-go
/data/github_go/pattern/newHaveRepos/codeforces-go/main/500-599/547E.go@58:3:58:11,true,codeforces-go
/data/github_go/repos/cri-o/test/nri/plugin.go@437:5:437:23,true,cri-o
/data/github_go/repos/cubefs/blobstore/util/graceful/procmaster.go@95:3:95:51,true,cubefs
/data/github_go/repos/cubefs/depends/tiglabs/raft/storage/storage_memory.go@147:3:147:44,true,cubefs
/data/github_go/repos/cubefs/util/btree/btree.go@249:3:249:48,true,cubefs
/data/github_go/repos/cue/cmd/cue/cmd/common.go@287:3:287:15,true,cue
/data/github_go/repos/cue/cue/ast/walk.go@245:23:245:37,true,cue
/data/github_go/repos/cue/cue/format/format.go@312:52:312:66,true,cue
/data/github_go/repos/d2/d2layouts/d2dagrelayout/layout.go@305:3:305:42,true,d2
/data/github_go/repos/d2/d2layouts/d2dagrelayout/layout.go@346:4:346:12,true,d2
/data/github_go/repos/d2/d2layouts/d2dagrelayout/layout.go@495:3:495:42,true,d2
/data/github_go/repos/d2/d2layouts/d2dagrelayout/layout.go@621:4:621:20,true,d2
/data/github_go/repos/d2/d2layouts/d2dagrelayout/layout.go@684:4:684:20,true,d2
/data/github_go/repos/d2/d2layouts/d2elklayout/layout.go@507:3:507:42,true,d2
/data/github_go/repos/d2/d2layouts/d2grid/layout.go@211:4:211:20,true,d2
/data/github_go/repos/d2/d2layouts/d2sequence/layout.go@53:4:53:20,true,d2
/data/github_go/repos/d2/d2layouts/d2sequence/sequence_diagram.go@80:5:80:21,true,d2
/data/github_go/repos/d2/d2layouts/d2sequence/sequence_diagram.go@128:4:128:20,true,d2
/data/github_go/repos/d2/d2oracle/edit.go@247:6:247:57,true,d2
/data/github_go/repos/d2/d2oracle/edit.go@403:4:403:37,true,d2
/data/github_go/repos/d2/d2oracle/edit.go@442:4:442:39,true,d2
/data/github_go/repos/d2/d2oracle/edit.go@537:8:537:36,true,d2
/data/github_go/repos/d2/d2oracle/edit.go@955:5:955:45,true,d2
/data/github_go/repos/d2/d2oracle/edit.go@960:5:960:31,true,d2
/data/github_go/repos/d2/d2oracle/edit.go@963:5:963:31,true,d2
/data/github_go/repos/d2/d2oracle/edit.go@1399:4:1399:44,true,d2
/data/github_go/repos/d2/d2oracle/edit.go@1733:5:1733:59,true,d2
/data/github_go/repos/d2/d2oracle/edit.go@1916:6:1916:51,true,d2
/data/github_go/repos/d2/d2oracle/edit.go@2535:3:2535:29,true,d2
/data/github_go/repos/d2/d2oracle/edit.go@2536:3:2536:29,true,d2
/data/github_go/repos/d2/d2oracle/get.go@167:3:167:19,true,d2
/data/github_go/repos/dagger/core/pipeline/pipeline.go@65:2:65:10,true,dagger
/data/github_go/repos/dendrite/cmd/dendrite-upgrade-tests/main.go@313:5:313:42,true,dendrite
/data/github_go/repos/dendrite/cmd/dendrite-upgrade-tests/main.go@327:4:327:24,true,dendrite
/data/github_go/repos/dendrite/federationapi/queue/destinationqueue.go@595:2:595:43,true,dendrite
/data/github_go/repos/dendrite/federationapi/queue/destinationqueue.go@596:2:596:43,true,dendrite
/data/github_go/repos/dendrite/syncapi/routing/messages.go@577:3:577:37,true,dendrite
/data/github_go/repos/dendrite/syncapi/streams/stream_pdu.go@340:3:340:45,true,dendrite
/data/github_go/repos/devtron/api/restHandler/AppListingRestHandler.go@230:4:230:37,true,devtron
/data/github_go/repos/devtron/api/restHandler/AppListingRestHandler.go@232:4:232:23,true,devtron
/data/github_go/repos/devtron/api/restHandler/AppListingRestHandler.go@449:4:449:37,true,devtron
/data/github_go/repos/devtron/api/restHandler/AppListingRestHandler.go@451:4:451:23,true,devtron
/data/github_go/repos/devtron/api/restHandler/AppListingRestHandler.go@640:4:640:37,true,devtron
/data/github_go/repos/devtron/api/restHandler/AppListingRestHandler.go@642:4:642:23,true,devtron
/data/github_go/repos/dgraph/dgraph/cmd/bulk/reduce.go@303:5:303:25,true,dgraph
/data/github_go/repos/dgraph/dgraph/cmd/bulk/reduce.go@305:5:305:45,true,dgraph
/data/github_go/repos/dgraph/dgraph/cmd/live/run.go@514:5:514:24,true,dgraph
/data/github_go/repos/dgraph/posting/list.go@1603:2:1603:40,true,dgraph
/data/github_go/repos/dgraph/query/query.go@2582:4:2582:75,true,dgraph
/data/github_go/repos/dgraph/raftwal/wal.go@370:3:370:26,true,dgraph
/data/github_go/repos/dgraph/worker/backup_manifest.go@120:3:120:59,true,dgraph
/data/github_go/repos/discordgo/state.go@798:3:798:61,true,discordgo
/data/github_go/repos/dolt/go/libraries/doltcore/remotestorage/chunk_store.go@635:4:635:30,true,dolt
/data/github_go/repos/dolt/go/store/types/edits/async_sorted_edits.go@233:3:233:19,true,dolt
/data/github_go/repos/dubbo-go/protocol/dubbo3/reflection/serverreflection.go@282:3:282:19,true,dubbo-go
/data/github_go/pattern/newHaveRepos/easegress/pkg/object/statussynccontroller/statussynccontroller.go@309:3:309:47,true,easegress
/data/github_go/repos/elvish/pkg/eval/compile_value.go@42:3:42:27,true,elvish
/data/github_go/repos/elvish/pkg/ui/text.go@120:5:120:19,true,elvish
/data/github_go/repos/elvish/pkg/ui/text_builder.go@24:3:24:11,true,elvish
/data/github_go/pattern/newHaveRepos/encore/cli/daemon/engine/trace/trace.go@69:3:69:47,true,encore
/data/github_go/repos/etcd/client/v3/watch.go@739:3:739:44,true,etcd
/data/github_go/repos/etcd/server/storage/wal/decoder.go@94:3:94:19,true,etcd
/data/github_go/repos/etcd/server/storage/wal/wal.go@873:2:873:28,true,etcd
/data/github_go/repos/external-dns/registry/dynamodb.go@385:4:385:31,true,external-dns
/data/github_go/repos/fabric/common/graph/tree.go@157:2:157:18,true,fabric
/data/github_go/repos/fabric/core/chaincode/lifecycle/custodian.go@98:3:98:35,true,fabric
/data/github_go/repos/fabric/internal/pkg/gateway/endorsement.go@88:4:88:58,true,fabric
/data/github_go/repos/fabric/internal/pkg/gateway/endorsement.go@171:3:171:55,true,fabric
/data/github_go/repos/gameboy.live/driver/static.go@44:3:44:33,true,gameboy.live
/data/github_go/pattern/newHaveRepos/gatus/storage/store/memory/util.go@23:3:23:59,true,gatus
/data/github_go/pattern/newHaveRepos/gatus/storage/store/memory/util.go@30:3:30:55,true,gatus
/data/github_go/pattern/newHaveRepos/gatus/storage/store/memory/util.go@66:5:66:71,true,gatus
/data/github_go/pattern/newHaveRepos/gatus/storage/store/memory/util.go@78:3:78:73,true,gatus
/data/github_go/repos/git-bug/api/graphql/connections/connection_template.go@108:4:108:41,true,git-bug
/data/github_go/repos/git-bug/api/graphql/connections/gen_comment.go@99:4:99:41,true,git-bug
/data/github_go/repos/git-bug/api/graphql/connections/gen_identity.go@98:4:98:41,true,git-bug
/data/github_go/repos/git-bug/api/graphql/connections/gen_label.go@99:4:99:41,true,git-bug
/data/github_go/repos/git-bug/api/graphql/connections/gen_lazy_bug.go@99:4:99:41,true,git-bug
/data/github_go/repos/git-bug/api/graphql/connections/gen_lazy_identity.go@99:4:99:41,true,git-bug
/data/github_go/repos/git-bug/api/graphql/connections/gen_operation.go@99:4:99:41,true,git-bug
/data/github_go/repos/git-bug/api/graphql/connections/gen_timeline.go@99:4:99:41,true,git-bug
/data/github_go/repos/git-bug/commands/commands.go@44:3:44:19,true,git-bug
/data/github_go/repos/git-lfs/commands/command_filter_process.go@279:5:279:25,true,git-lfs
/data/github_go/repos/gitea/routers/web/repo/issue.go@1951:2:1951:40,true,gitea
/data/github_go/repos/gitea/services/migrations/migrate.go@263:4:263:40,true,gitea
/data/github_go/repos/gitea/services/migrations/migrate.go@287:4:287:32,true,gitea
/data/github_go/repos/gitea/services/migrations/migrate.go@311:4:311:37,true,gitea
/data/github_go/repos/gitea/services/migrations/migrate.go@365:7:365:50,true,gitea
/data/github_go/repos/gitea/services/migrations/migrate.go@420:8:420:51,true,gitea
/data/github_go/repos/gitea/services/migrations/migrate.go@448:7:448:47,true,gitea
/data/github_go/pattern/newHaveRepos/gitness/livelog/stream.go@53:3:53:35,true,gitness
/data/github_go/repos/go-cloud/pubsub/pubsub.go@584:4:584:16,true,go-cloud
/data/github_go/repos/go-datastructures/btree/immutable/add.go@193:4:193:26,true,go-datastructures
/data/github_go/repos/go-datastructures/btree/immutable/node.go@322:2:322:32,true,go-datastructures
/data/github_go/repos/go-datastructures/btree/immutable/node.go@344:2:344:32,true,go-datastructures
/data/github_go/repos/go-ethereum/cmd/faucet/faucet.go@570:3:570:21,true,go-ethereum
/data/github_go/repos/go-ethereum/core/txpool/legacypool/list.go@98:3:98:34,true,go-ethereum
/data/github_go/repos/go-ethereum/eth/downloader/downloader.go@1463:5:1463:29,true,go-ethereum
/data/github_go/repos/go-ethereum/eth/downloader/skeleton.go@533:6:533:52,true,go-ethereum
/data/github_go/repos/go-ethereum/eth/downloader/skeleton.go@706:3:706:33,true,go-ethereum
/data/github_go/repos/go-ethereum/ethstats/ethstats.go@716:3:716:36,true,go-ethereum
/data/github_go/repos/go-ethereum/les/downloader/downloader.go@1643:5:1643:29,true,go-ethereum
/data/github_go/repos/go-ethereum/p2p/discover/lookup.go@202:3:202:27,true,go-ethereum
/data/github_go/repos/go-ethereum/p2p/discover/v5_udp.go@911:4:911:20,true,go-ethereum
/data/github_go/repos/go-ethereum/rpc/handler.go@130:2:130:22,true,go-ethereum
/data/github_go/repos/go-git/plumbing/object/commit_walker_bfs.go@59:3:59:23,true,go-git
/data/github_go/repos/go-git/plumbing/object/commit_walker_bfs_filtered.go@146:3:146:23,true,go-git
/data/github_go/repos/go-ibax/packages/block/play.go@355:4:355:16,true,go-ibax
/data/github_go/repos/go-ibax/packages/block/play.go@407:4:407:16,true,go-ibax
/data/github_go/repos/go-ibax/packages/service/jsonrpc/service.go@210:2:210:20,true,go-ibax
/data/github_go/repos/go-micro/transport/http_client.go@88:4:88:28,true,go-micro
/data/github_go/repos/go-micro/transport/http_client.go@123:4:123:28,true,go-micro
/data/github_go/repos/go-micro/util/ring/buffer.go@50:3:50:21,true,go-micro
/data/github_go/pattern/newHaveRepos/go-tools/quickfix/qf1008/qf1008.go@91:84:91:151,true,go-tools
/data/github_go/repos/go-zero/core/stringx/node.go@44:3:44:19,true,go-zero
/data/github_go/repos/godropbox/executor/executor.go@335:2:335:32,true,godropbox
/data/github_go/repos/godropbox/resource_pool/simple_resource_pool.go@288:3:288:37,true,godropbox
/data/github_go/repos/godropbox/resource_pool/simple_resource_pool.go@335:3:335:60,true,godropbox
/data/github_go/repos/goleveldb/leveldb/table.go@296:3:296:22,true,goleveldb
/data/github_go/repos/goofys/internal/file.go@411:4:411:30,true,goofys
/data/github_go/repos/google-cloud-go/internal/btree/btree.go@187:3:187:48,true,google-cloud-go
/data/github_go/repos/gorgonia/node.go@608:3:608:21,true,gorgonia
/data/github_go/repos/gorgonia/node.go@620:3:620:25,true,gorgonia
/data/github_go/repos/grpc-go/internal/channelz/types.go@641:3:641:25,true,grpc-go
/data/github_go/repos/gvisor/pkg/sentry/socket/control/control.go@721:3:721:19,true,gvisor
/data/github_go/repos/gvisor/runsc/boot/controller.go@322:3:322:29,true,gvisor
/data/github_go/repos/gvisor/runsc/boot/controller.go@338:2:338:54,true,gvisor
/data/github_go/repos/gvisor/runsc/boot/vfs.go@354:2:354:18,true,gvisor
/data/github_go/repos/helm/pkg/action/list.go@214:2:214:33,true,helm
/data/github_go/repos/hugo/markup/asciidocext/internal/converter.go@200:4:200:24,true,hugo
/data/github_go/repos/istio/pilot/pkg/networking/core/v1alpha3/match/match.go@149:3:149:11,true,istio
/data/github_go/repos/jaeger/plugin/storage/memory/memory.go@275:3:275:44,true,jaeger
/data/github_go/repos/juicefs/cmd/restore.go@76:2:76:22,true,juicefs
/data/github_go/repos/juicefs/pkg/meta/base.go@2328:4:2328:24,true,juicefs
/data/github_go/repos/juicefs/pkg/meta/base.go@2335:5:2335:25,true,juicefs
/data/github_go/repos/juicefs/pkg/meta/base.go@2340:5:2340:25,true,juicefs
/data/github_go/repos/juicefs/pkg/meta/redis.go@2899:2:2899:18,true,juicefs
/data/github_go/repos/juicefs/pkg/meta/redis.go@3729:4:3729:22,true,juicefs
/data/github_go/repos/juicefs/pkg/meta/sql.go@2743:2:2743:18,true,juicefs
/data/github_go/repos/juicefs/pkg/meta/tkv.go@2391:2:2391:18,true,juicefs
/data/github_go/repos/juicefs/pkg/meta/tkv_etcd.go@265:4:265:26,true,juicefs
/data/github_go/repos/juicefs/pkg/object/sftp.go@103:3:103:21,true,juicefs
/data/github_go/repos/juicefs/pkg/vfs/writer.go@215:3:215:25,true,juicefs
/data/github_go/repos/k6/output/cloud/v1/output.go@443:3:443:24,true,k6
/data/github_go/repos/kit/metrics/cloudwatch/cloudwatch.go@234:3:234:44,true,kit
/data/github_go/repos/kitex/pkg/generic/thrift/parse.go@84:3:84:27,true,kitex
/data/github_go/repos/kitex/pkg/remote/connpool/long_pool.go@177:2:177:28,true,kitex
/data/github_go/repos/kopia/cli/command_logs_session.go@62:3:62:55,true,kopia
/data/github_go/repos/kopia/cli/command_logs_show.go@57:3:57:39,true,kopia
/data/github_go/repos/kopia/cli/command_snapshot_list.go@161:4:161:73,true,kopia
/data/github_go/repos/kopia/cli/command_snapshot_list.go@273:3:273:60,true,kopia
/data/github_go/repos/kopia/cli/command_snapshot_migrate.go@303:3:303:18,true,kopia
/data/github_go/repos/kops/upup/pkg/fi/cloudup/subnets.go@167:2:167:24,true,kops
/data/github_go/repos/kops/upup/pkg/fi/cloudup/subnets.go@187:3:187:25,true,kops
/data/github_go/repos/kops/upup/pkg/fi/cloudup/subnets.go@201:3:201:31,true,kops
/data/github_go/repos/kops/util/pkg/vfs/s3fs.go@173:4:173:27,true,kops
/data/github_go/repos/kubeapps/cmd/kubeapps-apis/plugins/kapp_controller/packages/v1alpha1/server_ctrl_packages.go@67:4:67:40,true,kubeapps
/data/github_go/repos/kubeapps/cmd/kubeapps-apis/plugins/kapp_controller/packages/v1alpha1/server_ctrl_packages.go@316:4:316:38,true,kubeapps
/data/github_go/repos/kubernetes/test/e2e/framework/network/utils.go@889:2:889:46,true,kubernetes
/data/github_go/repos/kubesphere/pkg/models/openpitrix/applications.go@330:2:330:23,true,kubesphere
/data/github_go/repos/kubesphere/pkg/models/openpitrix/applicationversions.go@272:2:272:31,true,kubesphere
/data/github_go/repos/kubesphere/pkg/models/openpitrix/applicationversions.go@297:2:297:31,true,kubesphere
/data/github_go/repos/kubesphere/pkg/models/openpitrix/applicationversions.go@343:2:343:33,true,kubesphere
/data/github_go/repos/kubesphere/pkg/models/openpitrix/categories.go@195:2:195:23,true,kubesphere
/data/github_go/repos/kubesphere/pkg/models/openpitrix/release.go@324:2:324:31,true,kubesphere
/data/github_go/repos/kubesphere/pkg/models/openpitrix/repos.go@302:2:302:25,true,kubesphere
/data/github_go/repos/kubo/tar/format.go@161:2:161:24,true,kubo
/data/github_go/repos/kustomize/api/resource/factory.go@185:3:185:33,false,kustomize
/data/github_go/repos/lakeFS/cmd/lakectl/cmd/bisect.go@355:3:355:27,true,lakeFS
/data/github_go/pattern/newHaveRepos/lancet/datastructure/tree/tree_internal.go@78:3:78:20,true,lancet
/data/github_go/repos/lazydocker/pkg/commands/container_stats.go@174:4:174:36,true,lazydocker
/data/github_go/repos/ledisdb/rpl/file_store.go@300:5:300:28,true,ledisdb
/data/github_go/repos/lf/nav.go@316:5:316:29,true,lf
/data/github_go/repos/lf/nav.go@321:4:321:41,true,lf
/data/github_go/repos/lf/nav.go@334:5:334:29,true,lf
/data/github_go/repos/lf/nav.go@339:4:339:41,true,lf
/data/github_go/repos/linkerd2/pkg/tls/cred.go@227:2:227:18,true,linkerd2
/data/github_go/repos/litestream/s3/replica_client.go@224:3:224:21,true,litestream
/data/github_go/repos/litestream/s3/replica_client.go@481:3:481:21,true,litestream
/data/github_go/repos/livekit/pkg/rtc/participant.go@1785:2:1785:82,true,livekit
/data/github_go/repos/lnd/htlcswitch/mock.go@334:2:334:20,true,lnd
/data/github_go/repos/lnd/htlcswitch/switch.go@741:4:741:34,true,lnd
/data/github_go/repos/lnd/htlcswitch/switch.go@744:4:744:36,true,lnd
/data/github_go/repos/lnd/htlcswitch/switch.go@748:4:748:36,true,lnd
/data/github_go/repos/loki/pkg/ingester/checkpoint.go@244:2:244:52,true,loki
/data/github_go/repos/m3/src/query/remote/server.go@158:26:158:49,true,m3
/data/github_go/pattern/newHaveRepos/mediamtx/internal/playback/muxer_fmp4.go@153:5:153:56,true,mediamtx
/data/github_go/pattern/newHaveRepos/mediamtx/internal/playback/segment.go@75:4:75:26,true,mediamtx
/data/github_go/pattern/newHaveRepos/mediamtx/internal/playback/segment.go@83:3:83:39,true,mediamtx
/data/github_go/pattern/newHaveRepos/mediamtx/internal/protocols/webrtc/incoming_track.go@409:4:409:38,true,mediamtx
/data/github_go/pattern/newHaveRepos/mediamtx/internal/protocols/webrtc/incoming_track.go@435:3:435:37,true,mediamtx
/data/github_go/pattern/newHaveRepos/memphis/server/accounts.go@370:4:370:34,true,memphis
/data/github_go/pattern/newHaveRepos/memphis/server/jetstream_cluster.go@6472:3:6472:28,true,memphis
/data/github_go/pattern/newHaveRepos/memphis/server/jetstream_cluster.go@6622:3:6622:32,true,memphis
/data/github_go/pattern/newHaveRepos/memphis/server/monitor.go@3015:5:3015:37,true,memphis
/data/github_go/pattern/newHaveRepos/memphis/server/stream.go@1430:3:1430:23,true,memphis
/data/github_go/repos/mgmt/etcd/tasks.go@110:3:110:56,true,mgmt
/data/github_go/repos/milvus/internal/datacoord/compaction_trigger.go@594:3:594:51,true,milvus
/data/github_go/repos/milvus/internal/datacoord/compaction_trigger.go@636:3:636:39,true,milvus
/data/github_go/pattern/newHaveRepos/mimir/pkg/mimirpb/split.go@142:4:142:101,true,mimir
/data/github_go/pattern/newHaveRepos/mimir/pkg/mimirpb/split.go@158:3:158:100,true,mimir
/data/github_go/pattern/newHaveRepos/mimir/pkg/querier/block_streaming.go@352:3:352:35,true,mimir
/data/github_go/pattern/newHaveRepos/mimir/pkg/streamingpromql/operators/aggregation.go@249:2:249:42,true,mimir
/data/github_go/pattern/newHaveRepos/mimir/pkg/streamingpromql/operators/aggregation.go@278:3:278:67,true,mimir
/data/github_go/pattern/newHaveRepos/mimir/pkg/streamingpromql/operators/binary_operation.go@373:2:373:42,true,mimir
/data/github_go/repos/minify/js/js.go@311:5:311:61,true,minify
/data/github_go/repos/moby/daemon/logger/ring.go@198:2:198:22,true,moby
/data/github_go/repos/mongo-go-driver/mongo/integration/mtest/mongotest.go@287:2:287:26,true,mongo-go-driver
/data/github_go/repos/mongo-go-driver/mongo/integration/mtest/mongotest.go@300:2:300:30,true,mongo-go-driver
/data/github_go/repos/mongo-go-driver/mongo/integration/mtest/mongotest.go@313:2:313:24,true,mongo-go-driver
/data/github_go/repos/mongo-go-driver/mongo/integration/unified/event_verification.go@150:4:150:24,true,mongo-go-driver
/data/github_go/repos/mongo-go-driver/mongo/integration/unified/event_verification.go@194:4:194:28,true,mongo-go-driver
/data/github_go/repos/mongo-go-driver/mongo/integration/unified/event_verification.go@234:4:234:22,true,mongo-go-driver
/data/github_go/repos/mongo-go-driver/mongo/integration/unified/logger_verification.go@244:4:244:38,true,mongo-go-driver
/data/github_go/repos/nakama/server/core_leaderboard.go@855:3:855:30,true,nakama
/data/github_go/repos/nats-server/server/accounts.go@386:4:386:34,true,nats-server
/data/github_go/repos/nats-server/server/jetstream_cluster.go@6279:3:6279:28,true,nats-server
/data/github_go/repos/nats-server/server/jetstream_cluster.go@6424:3:6424:32,true,nats-server
/data/github_go/repos/nats-server/server/monitor.go@2917:5:2917:37,true,nats-server
/data/github_go/repos/nats-server/server/stream.go@1226:3:1226:23,true,nats-server
/data/github_go/repos/nomad/nomad/eval_broker.go@882:2:882:40,true,nomad
/data/github_go/repos/nomad/nomad/state/state_store.go@1324:3:1324:35,true,nomad
/data/github_go/repos/octosql/datasources/json/execution.go@130:6:130:22,true,octosql
/data/github_go/repos/opa/internal/cidr/merge/merge.go@70:3:70:25,true,opa
/data/github_go/repos/opa/topdown/reachable.go@69:3:69:19,true,opa
/data/github_go/pattern/newHaveRepos/open-im-server/pkg/common/storage/database/mgo/msg.go@1198:8:1198:43,true,open-im-server
/data/github_go/pattern/newHaveRepos/open-im-server/pkg/common/storage/database/mgo/msg.go@1200:8:1200:46,true,open-im-server
/home/lqw/go/pkg/mod/cloud.google.com/go/storage@v1.36.0/internal/apiv2/auxiliary.go@57:2:57:24,false,opentofu
/home/lqw/go/pkg/mod/cloud.google.com/go/storage@v1.36.0/internal/apiv2/auxiliary.go@104:2:104:24,false,opentofu
/home/lqw/go/pkg/mod/cloud.google.com/go/storage@v1.36.0/internal/apiv2/auxiliary.go@151:2:151:24,false,opentofu
/home/lqw/go/pkg/mod/cloud.google.com/go/storage@v1.36.0/internal/apiv2/auxiliary.go@198:2:198:24,false,opentofu
/data/github_go/repos/optimism/op-batcher/batcher/channel_manager.go@243:3:243:35,true,optimism
/data/github_go/repos/origin/pkg/monitor/monitor.go@309:3:309:27,true,origin
/data/github_go/repos/pachyderm/src/internal/clusterstate/v2.6.0/pfsdb.go@447:3:447:23,true,pachyderm
/data/github_go/repos/pachyderm/src/internal/storage/chunk/reader.go@46:3:46:29,true,pachyderm
/data/github_go/repos/pachyderm/src/internal/storage/chunk/uploader.go@116:3:116:25,true,pachyderm
/data/github_go/repos/pachyderm/src/internal/storage/chunk/uploader.go@158:5:158:27,true,pachyderm
/data/github_go/repos/panicparse/stack/source.go@253:3:253:25,true,panicparse
/data/github_go/repos/pdfcpu/pkg/pdfcpu/model/nameTree.go@365:5:365:23,true,pdfcpu
/data/github_go/pattern/newHaveRepos/pebble/compaction.go@1538:3:1538:37,true,pebble
/data/github_go/pattern/newHaveRepos/pebble/compaction.go@1739:4:1739:48,true,pebble
/data/github_go/pattern/newHaveRepos/pebble/internal/pacertoy/pebble/main.go@187:3:187:19,false,pebble
/data/github_go/pattern/newHaveRepos/pebble/internal/pacertoy/pebble/main.go@265:3:265:33,false,pebble
/data/github_go/pattern/newHaveRepos/pebble/internal/pacertoy/rocksdb/main.go@167:3:167:19,false,pebble
/data/github_go/pattern/newHaveRepos/pebble/internal/pacertoy/rocksdb/main.go@244:3:244:33,false,pebble
/data/github_go/pattern/newHaveRepos/pebble/tool/lsm.go@396:2:396:28,true,pebble
/data/github_go/repos/perkeep/pkg/schema/filereader.go@333:3:333:19,true,perkeep
/data/github_go/repos/perkeep/pkg/search/query.go@1069:6:1069:36,true,perkeep
/data/github_go/repos/perkeep/pkg/search/query.go@1154:6:1154:49,true,perkeep
/data/github_go/repos/pgx/conn.go@354:3:354:39,true,pgx
/data/github_go/repos/pgx/conn.go@361:3:361:39,true,pgx
/data/github_go/repos/pipeline/pkg/spire/test/fakebundleendpoint/server.go@127:2:127:26,true,pipeline
/data/github_go/repos/podman/pkg/systemd/parser/unitfile.go@303:4:303:44,true,podman
/data/github_go/repos/pomerium/pkg/grpc/databroker/databroker.go@90:3:90:28,true,pomerium
/data/github_go/repos/pomerium/pkg/storage/inmemory/backend.go@315:3:315:23,true,pomerium
/data/github_go/repos/pomerium/pkg/storage/inmemory/stream.go@48:4:48:20,true,pomerium
/data/github_go/repos/pomerium/pkg/storage/inmemory/stream.go@66:5:66:21,true,pomerium
/data/github_go/repos/pomerium/pkg/storage/inmemory/stream.go@78:6:78:22,true,pomerium
/data/github_go/repos/pomerium/pkg/storage/postgres/stream.go@51:3:51:37,true,pomerium
/data/github_go/repos/pomerium/pkg/storage/redis/stream.go@88:6:88:40,true,pomerium
/data/github_go/repos/pomerium/pkg/storage/stream.go@116:4:116:24,true,pomerium
/data/github_go/pattern/newHaveRepos/pprof/internal/graph/graph.go@921:3:921:19,true,pprof
/data/github_go/pattern/newHaveRepos/pprof/profile/encode.go@356:3:356:44,true,pprof
/data/github_go/pattern/newHaveRepos/pprof/profile/legacy_profile.go@199:5:199:29,true,pprof
/data/github_go/pattern/newHaveRepos/pprof/profile/prune.go@124:5:124:43,true,pprof
/data/github_go/pattern/newHaveRepos/pprof/profile/prune.go@128:5:128:41,true,pprof
/data/github_go/pattern/newHaveRepos/pprof/profile/prune.go@189:5:189:41,true,pprof
/data/github_go/repos/prometheus/model/labels/regexp.go@94:3:94:15,true,prometheus
/data/github_go/repos/prometheus/notifier/notifier.go@291:3:291:34,true,prometheus
/data/github_go/repos/prometheus/notifier/notifier.go@360:3:360:21,true,prometheus
/data/github_go/repos/prometheus/notifier/notifier.go@369:3:369:23,true,prometheus
/data/github_go/pattern/newHaveRepos/prysm/beacon-chain/state/state-native/setters_withdrawal.go@87:2:87:62,true,prysm
/data/github_go/pattern/newHaveRepos/prysm/testing/endtoend/evaluators/beaconapi/requests.go@210:5:210:33,true,prysm
/data/github_go/repos/pulumi/pkg/codegen/go/gen.go@3874:4:3874:29,false,pulumi
/data/github_go/repos/pulumi/pkg/codegen/schema/package_reference.go@254:2:254:51,true,pulumi
/data/github_go/repos/pulumi/pkg/codegen/schema/package_reference.go@288:2:288:51,true,pulumi
/data/github_go/repos/pulumi/pkg/resource/deploy/step_generator.go@1253:3:1253:25,false,pulumi
/data/github_go/repos/quic-go/internal/ackhandler/sent_packet_history.go@147:4:147:28,true,quic-go
/data/github_go/repos/quic-go/retransmission_queue.go@82:4:82:48,true,quic-go
/data/github_go/repos/quic-go/retransmission_queue.go@105:4:105:52,true,quic-go
/data/github_go/repos/quic-go/send_stream.go@323:2:323:50,true,quic-go
/data/github_go/repos/quorum/cmd/faucet/faucet.go@583:3:583:21,true,quorum
/data/github_go/repos/quorum/core/tx_list.go@94:3:94:34,true,quorum
/data/github_go/repos/quorum/eth/downloader/downloader.go@1705:5:1705:29,true,quorum
/data/github_go/repos/quorum/ethstats/ethstats.go@691:3:691:36,true,quorum
/data/github_go/repos/quorum/p2p/discover/lookup.go@201:3:201:27,true,quorum
/data/github_go/repos/quorum/p2p/discover/v5_udp.go@840:3:840:23,true,quorum
/data/github_go/repos/rclone/backend/b2/b2.go@559:3:559:43,true,rclone
/data/github_go/repos/rclone/backend/b2/upload.go@191:3:191:52,true,rclone
/data/github_go/repos/rclone/backend/ftp/ftp.go@448:3:448:21,true,rclone
/data/github_go/repos/rclone/backend/s3/s3.go@3490:4:3490:32,true,rclone
/data/github_go/repos/rclone/backend/sftp/sftp.go@635:3:635:21,true,rclone
/data/github_go/repos/rclone/backend/smb/connpool.go@155:3:155:21,true,rclone
/data/github_go/repos/rudder-server/warehouse/internal/service/staging.go@28:3:28:21,true,rudder-server
/data/github_go/repos/sarama/client.go@741:3:741:45,true,sarama
/data/github_go/repos/sarama/consumer.go@780:5:780:49,true,sarama
/data/github_go/repos/sarama/mocks/async_producer.go@82:5:82:41,true,sarama
/data/github_go/repos/sarama/mocks/sync_producer.go@72:3:72:39,true,sarama
/data/github_go/repos/sarama/mocks/sync_producer.go@108:3:108:47,true,sarama
/data/github_go/repos/seaweedfs/weed/mount/weedfs_dir_read.go@204:5:204:56,true,seaweedfs
/data/github_go/repos/seaweedfs/weed/server/volume_grpc_tier_download.go@76:2:76:54,true,seaweedfs
/data/github_go/repos/seaweedfs/weed/shell/command_volume_check_disk.go@90:6:90:28,true,seaweedfs
/data/github_go/repos/seaweedfs/weed/shell/command_volume_check_disk.go@96:5:96:27,true,seaweedfs
/data/github_go/repos/seaweedfs/weed/shell/command_volume_check_disk.go@103:4:103:26,true,seaweedfs
/data/github_go/repos/seaweedfs/weed/wdclient/resource_pool/simple_resource_pool.go@286:3:286:37,true,seaweedfs
/data/github_go/repos/seaweedfs/weed/wdclient/resource_pool/simple_resource_pool.go@333:3:333:60,true,seaweedfs
/data/github_go/repos/semaphore/services/tasks/pool.go@140:5:140:25,true,semaphore
/data/github_go/repos/semaphore/services/tasks/pool.go@159:4:159:24,true,semaphore
/data/github_go/repos/sh/interp/runner.go@360:4:360:18,true,sh
/data/github_go/repos/sing-box/outbound/dns.go@129:5:129:37,true,sing-box
/data/github_go/repos/sing-box/outbound/dns.go@208:5:208:23,true,sing-box
/data/github_go/repos/sing-box/transport/vless/vision.go@221:4:221:34,true,sing-box
/data/github_go/repos/skaffold/fs/assets/credits_generated/github.com/hashicorp/hcl/decoder.go@503:2:503:26,true,skaffold
/data/github_go/repos/skaffold/fs/assets/credits_generated/github.com/hashicorp/hcl/hcl/ast/ast.go@77:3:77:41,true,skaffold
/data/github_go/repos/sourcegraph/cmd/frontend/graphqlbackend/repository_comparison.go@340:3:340:34,true,sourcegraph
/data/github_go/repos/sourcegraph/cmd/frontend/graphqlbackend/site_config_change_connection.go@56:4:56:28,true,sourcegraph
/data/github_go/repos/sourcegraph/dev/scaletesting/syntheticgithubdata/create.go@152:2:152:65,true,sourcegraph
/data/github_go/repos/sourcegraph/internal/cmd/tracking-issue/context.go@78:3:78:34,true,sourcegraph
/data/github_go/repos/sourcegraph/internal/database/fakedb/teams.go@107:3:107:47,true,sourcegraph
/data/github_go/repos/sourcegraph/internal/database/fakedb/teams.go@229:3:229:47,true,sourcegraph
/data/github_go/repos/sourcegraph/internal/gitserver/stream_hunks.go@194:3:194:25,true,sourcegraph
/data/github_go/repos/spicedb/internal/datastore/common/sql.go@570:3:570:52,true,spicedb
/data/github_go/repos/spicedb/internal/datastore/common/tuple.go@35:3:35:29,true,spicedb
/data/github_go/repos/spicedb/internal/datastore/proxy/hedging.go@106:4:106:24,true,spicedb
/data/github_go/pattern/newHaveRepos/stash/pkg/job/manager.go@242:3:242:31,true,stash
/data/github_go/repos/stolon/cmd/keeper/cmd/keeper.go@781:4:781:54,true,stolon
/data/github_go/repos/syzkaller/dashboard/app/admin.go@141:3:141:21,true,syzkaller
/data/github_go/repos/syzkaller/dashboard/app/admin.go@348:3:348:25,true,syzkaller
/data/github_go/repos/syzkaller/dashboard/app/main.go@1847:3:1847:19,true,syzkaller
/data/github_go/repos/syzkaller/pkg/compiler/check.go@480:2:480:22,true,syzkaller
/data/github_go/repos/syzkaller/prog/rotation.go@212:3:212:31,true,syzkaller
/data/github_go/repos/tailscale/cmd/testwrapper/testwrapper.go@223:3:223:38,true,tailscale
/data/github_go/repos/tailscale/control/controlclient/map.go@262:5:262:19,true,tailscale
/data/github_go/repos/tailscale/control/controlclient/map.go@268:5:268:19,true,tailscale
/data/github_go/repos/tailscale/control/controlclient/map.go@271:5:271:41,true,tailscale
/data/github_go/repos/tailscale/control/controlclient/map.go@274:5:274:25,true,tailscale
/data/github_go/repos/tailscale/health/health.go@515:3:515:33,true,tailscale
/data/github_go/repos/tailscale/types/netmap/netmap.go@286:4:286:30,true,tailscale
/data/github_go/repos/tailscale/types/netmap/netmap.go@291:4:291:16,true,tailscale
/data/github_go/repos/tailscale/types/netmap/netmap.go@296:4:296:16,true,tailscale
/data/github_go/repos/telegraf/plugins/common/starlark/field_dict.go@208:2:208:24,true,telegraf
/data/github_go/repos/telegraf/plugins/common/starlark/tag_dict.go@194:2:194:20,true,telegraf
/data/github_go/repos/telegraf/plugins/outputs/stackdriver/stackdriver.go@289:4:289:12,true,telegraf
/data/github_go/repos/telegraf/plugins/processors/reverse_dns/rdnscache.go@286:2:286:47,true,telegraf
/data/github_go/repos/teleport/lib/events/dynamoevents/dynamoevents.go@929:3:929:27,true,teleport
/data/github_go/repos/teleport/lib/srv/db/cassandra/protocol/conn.go@138:2:138:38,true,teleport
/data/github_go/repos/teleport/lib/usagereporter/teleport/aggregating/reporter.go@306:3:306:41,true,teleport
/data/github_go/pattern/newHaveRepos/tempo/pkg/traceqlmetrics/mocks.go@99:2:99:28,true,tempo
/data/github_go/pattern/newHaveRepos/tempo/tempodb/encoding/vparquet2/block_traceql.go@857:3:857:31,true,tempo
/data/github_go/pattern/newHaveRepos/tempo/tempodb/encoding/vparquet2/block_traceql.go@915:4:915:32,true,tempo
/data/github_go/pattern/newHaveRepos/tempo/tempodb/encoding/vparquet2/block_traceql.go@1041:3:1041:31,true,tempo
/data/github_go/pattern/newHaveRepos/tempo/tempodb/encoding/vparquet3/block_traceql.go@1002:3:1002:31,true,tempo
/data/github_go/pattern/newHaveRepos/tempo/tempodb/encoding/vparquet3/block_traceql.go@1060:4:1060:32,true,tempo
/data/github_go/pattern/newHaveRepos/tempo/tempodb/encoding/vparquet3/block_traceql.go@1189:3:1189:31,true,tempo
/data/github_go/pattern/newHaveRepos/tempo/tempodb/encoding/vparquet4/block_traceql.go@1077:3:1077:31,true,tempo
/data/github_go/pattern/newHaveRepos/tempo/tempodb/encoding/vparquet4/block_traceql.go@1135:4:1135:32,true,tempo
/data/github_go/pattern/newHaveRepos/tempo/tempodb/encoding/vparquet4/block_traceql.go@1277:3:1277:31,true,tempo
/data/github_go/repos/temporal/common/archiver/filestore/history_archiver.go@265:2:265:53,true,temporal
/data/github_go/repos/temporal/common/archiver/gcloud/history_archiver.go@264:3:264:42,true,temporal
/data/github_go/repos/temporal/service/frontend/namespace_handler.go@906:3:906:68,true,temporal
/data/github_go/repos/temporal/service/frontend/workflow_handler.go@570:5:570:50,true,temporal
/data/github_go/repos/temporal/service/frontend/workflow_handler.go@589:5:589:80,true,temporal
/data/github_go/repos/temporal/service/history/workflow/mutable_state_impl.go@2068:4:2068:64,true,temporal
/data/github_go/repos/tendermint/test/e2e/runner/start.go@45:3:45:27,true,tendermint
/data/github_go/repos/tendermint/types/validator_set.go@513:4:513:26,true,tendermint
/data/github_go/repos/tendermint/types/validator_set.go@519:5:519:27,true,tendermint
/data/github_go/repos/tendermint/types/validator_set.go@521:4:521:24,true,tendermint
/data/github_go/repos/tendermint/types/validator_set.go@570:4:570:24,true,tendermint
/data/github_go/repos/tendermint/types/validator_set.go@575:3:575:25,true,tendermint
/data/github_go/repos/terrascan/pkg/iac-providers/terraform/commons/load-dir.go@194:4:194:26,true,terrascan
/data/github_go/repos/terrascan/pkg/iac-providers/terraform/commons/load-dir.go@324:3:324:25,true,terrascan
/data/github_go/repos/thanos/pkg/alert/alert.go@149:2:149:22,true,thanos
/data/github_go/repos/thanos/pkg/alert/alert.go@200:3:200:21,true,thanos
/data/github_go/repos/thanos/pkg/alert/alert.go@211:3:211:23,true,thanos
/data/github_go/repos/thanos/pkg/compact/downsample/downsample.go@453:3:453:17,true,thanos
/data/github_go/repos/thanos/pkg/store/proxy_heap.go@356:3:356:47,true,thanos
/data/github_go/repos/tidb/br/pkg/lightning/backend/kv/session.go@104:3:104:41,true,tidb
/data/github_go/repos/tidb/br/pkg/lightning/backend/kv/session.go@128:3:128:41,true,tidb
/data/github_go/repos/tidb/br/pkg/lightning/backend/local/duplicate.go@387:2:387:18,true,tidb
/data/github_go/repos/tidb/br/pkg/lightning/backend/local/region_job.go@572:4:572:56,true,tidb
/data/github_go/repos/tidb/br/pkg/restore/import.go@645:5:645:33,true,tidb
/data/github_go/repos/tidb/ddl/index_cop.go@354:3:354:33,true,tidb
/data/github_go/repos/tidb/executor/analyze_col.go@358:3:358:19,true,tidb
/data/github_go/repos/tidb/executor/analyze_col.go@359:3:359:15,true,tidb
/data/github_go/repos/tidb/executor/analyze_col.go@360:3:360:19,true,tidb
/data/github_go/repos/tidb/executor/memtable_reader.go@553:3:553:49,true,tidb
/data/github_go/repos/tidb/executor/memtable_reader.go@795:3:795:83,true,tidb
/data/github_go/repos/tidb/planner/core/indexmerge_path.go@96:2:96:67,true,tidb
/data/github_go/repos/tidb/planner/core/rule_join_reorder_greedy.go@92:2:92:36,true,tidb
/data/github_go/repos/tidb/statistics/histogram.go@649:3:649:21,true,tidb
/data/github_go/repos/tidb/statistics/histogram.go@670:5:670:23,true,tidb
/data/github_go/repos/tidb/statistics/histogram.go@1114:6:1114:34,true,tidb
/data/github_go/repos/tidb/store/copr/coprocessor.go@1122:4:1122:32,true,tidb
/data/github_go/repos/tidb/store/gcworker/gc_worker.go@1812:3:1812:36,true,tidb
/data/github_go/repos/tidb/store/mockstore/mockcopr/analyze.go@197:3:197:23,true,tidb
/data/github_go/repos/tidb/store/mockstore/unistore/cophandler/analyze.go@316:3:316:23,true,tidb
/data/github_go/repos/tidb/telemetry/data_window.go@267:3:267:83,true,tidb
/data/github_go/repos/tidb/types/json_binary_functions.go@875:4:875:16,true,tidb
/data/github_go/repos/tidb/util/ranger/points.go@744:4:744:45,true,tidb
/data/github_go/repos/tile38/internal/server/live.go@48:4:48:26,true,tile38
/data/github_go/repos/tile38/internal/server/live.go@197:4:197:30,true,tile38
/data/github_go/pattern/newHaveRepos/tilt/internal/hud/server/logs_reader.go@92:3:92:35,true,tilt
/data/github_go/repos/tview/textview.go@1064:3:1064:34,true,tview
/data/github_go/pattern/newHaveRepos/unioffice/document/document.go@473:117:473:142,true,unioffice
/data/github_go/pattern/newHaveRepos/unioffice/document/document.go@474:184:474:211,true,unioffice
/data/github_go/pattern/newHaveRepos/unioffice/document/document.go@590:209:590:236,true,unioffice
/data/github_go/pattern/newHaveRepos/unioffice/document/document.go@591:224:591:253,true,unioffice
/data/github_go/pattern/newHaveRepos/unioffice/document/document.go@1868:116:1868:140,true,unioffice
/data/github_go/pattern/newHaveRepos/unioffice/document/document.go@1869:180:1869:206,true,unioffice
/data/github_go/pattern/newHaveRepos/unioffice/spreadsheet/formula/formula.go@143:55:143:87,true,unioffice
/data/github_go/repos/upspin/store/storecache/wbq.go@291:4:291:24,true,upspin
/data/github_go/repos/v2ray-core/common/buf/multi_buffer.go@119:3:119:20,true,v2ray-core
/data/github_go/repos/v2ray-core/common/buf/multi_buffer.go@201:3:201:20,true,v2ray-core
/data/github_go/repos/vault/physical/dynamodb/dynamodb.go@511:3:511:33,true,vault
/data/github_go/repos/vault/vault/raft.go@594:3:594:33,true,vault
/data/github_go/repos/vitess/go/cmd/internal/docgen/docgen.go@87:45:87:85,true,vitess
/data/github_go/repos/vitess/go/netutil/netutil.go@71:3:71:19,true,vitess
/data/github_go/repos/vitess/go/vt/mysqlctl/backupengine.go@452:2:452:40,true,vitess
/data/github_go/repos/vitess/go/vt/mysqlctl/binlogs_gtid.go@189:2:189:64,true,vitess
/data/github_go/repos/vitess/go/vt/schemadiff/table.go@1168:3:1168:33,true,vitess
/data/github_go/repos/vitess/go/vt/schemadiff/table.go@1180:2:1180:32,true,vitess
/data/github_go/repos/vitess/go/vt/schemadiff/table.go@1181:2:1181:32,true,vitess
/data/github_go/repos/vitess/go/vt/schemadiff/table.go@1188:3:1188:33,true,vitess
/data/github_go/repos/vitess/go/vt/schemadiff/table.go@1189:3:1189:33,true,vitess
/data/github_go/repos/vitess/go/vt/sqlparser/predicate_rewriting.go@291:3:291:17,true,vitess
/data/github_go/repos/vitess/go/vt/sqlparser/predicate_rewriting.go@355:3:355:17,true,vitess
/data/github_go/repos/vitess/go/vt/vtgate/buffer/shard_buffer.go@329:3:329:25,true,vitess
/data/github_go/repos/vitess/go/vt/vtgate/buffer/shard_buffer.go@433:2:433:24,true,vitess
/data/github_go/repos/vitess/go/vt/vtgate/schema/update_controller.go@130:2:130:43,true,vitess
/data/github_go/repos/vitess/go/vt/vttablet/grpctmclient/cached_client.go@223:2:223:32,true,vitess
/data/github_go/repos/vitess/go/vt/vttablet/sandboxconn/sandboxconn.go@363:3:363:61,true,vitess
/data/github_go/repos/vitess/go/vt/vttablet/sandboxconn/sandboxconn.go@622:3:622:31,true,vitess
/data/github_go/repos/waypoint/internal/runner/operation_release.go@128:4:128:47,true,waypoint
/data/github_go/repos/weaver/internal/metrics/stats.go@207:5:207:31,true,weaver
/data/github_go/repos/yaegi/interp/cfg.go@1379:5:1379:21,true,yaegi
/data/github_go/repos/zincsearch/pkg/bluge/aggregation/date_histogram.go@239:5:239:37,true,zincsearch
/data/github_go/repos/zincsearch/pkg/bluge/aggregation/histogram.go@208:5:208:37,true,zincsearch
/data/github_go/repos/zincsearch/pkg/handlers/index/list.go@116:3:116:36,true,zincsearch
